Role	Value	Feature Set	Status	Team	Nature	Order	WinRequirements	Cohort	PromptText	PromptIfCohortText	DuskActions	NightAction	NightActionsIfCohort	VoteAction	SeedRequirement	MaxQuantity	Expansion
Alpha Wolf	Low	4th Center Card	IncompleteEntry	Werewolf	Werewolf	2B										1	Daybreak
Squire	High	Acting on Cohort	IncompleteEntry	Werewolf	Villageperson	9C									NatureWerewolf	1	Bonus Pack 2
Doppelg√§nger	Medium	Action Copying	IncompleteEntry	NoTeam	Variable	-7										1	Werewolf
Village Idiot	Very Low	Advanced Swap	IncompleteEntry	Village	Villageperson	7B										1	Daybreak
Drunk	Done	Done	Implemented	Village	Villageperson	8			You must choose a center card to swap cards with.			Must_SwapTwo(Self,TargetCenterCard)				1	Werewolf
Insomniac	Done	Done	Implemented	Village	Villageperson	9						Must_ViewOne(Self)			CardSwapper	1	Werewolf
Mason	Done	Done	Implemented	Village	Villageperson	4		Mason	There is no other mason.	{0} was dealt the other mason					Mason	2	Werewolf
Minion	Done	Done	Implemented	Werewolf	Villageperson	3		NatureWerewolf							NatureWerewolf	1	Werewolf
Robber	Done	Done	Implemented	Village	Villageperson	6			You may choose another player to swap cards with and view your new card.			May_ViewOne(TargetOtherPlayer);Must_SwapTwo(Self,LastTarget)				1	Werewolf
Tanner	Done	Done	Implemented	NoTeam	Villageperson		Role.Tanner_MustDie									1	Werewolf
Troublemaker	Done	Done	Implemented	Village	Villageperson	7			You may choose two other players to swap cards between.			May_SwapTwo(TargetOtherPlayer,TargetOtherPlayer)				1	Werewolf
Villager	Done	Done	Implemented	Village	Villageperson										Villager	3	Werewolf
Werewolf	Done	Done	Implemented	Werewolf	Werewolf	2		NatureWerewolf	There are no other werewolves. You may look at a card from the center.	{0} was dealt a werewolf.		May_ViewOne(TargetCenterCard)				2	Werewolf
Apprentice Seer	Low	Done	Implemented	Village	Villageperson	5B			You may view a card from the center.			May_ViewOne(TargetCenterCard)				1	Daybreak
Dream Wolf	Low	Untested	Implemented	Werewolf	Werewolf				If any werewolves or minions exist, they know you're a werewolf.						NatureWerewolf	1	Daybreak
Mystic Wolf	Medium	Untested	Implemented	Werewolf	Werewolf	2C		NatureWerewolf	You observed no other werewolves. You may view another player's card.	{0} was dealt a werewolf.		May_ViewOne(TargetOtherPlayer)				1	Daybreak
Witch	High	Done	Implemented	Village	Villageperson	6B			You may choose to view a card from the center. If you do, you must swap that with a player's card.			May_ViewOne(TargetCenterCard);Must_SwapTwo(LastTarget,TargetAnyPlayer)				1	Daybreak
Copycat	Low	Variable Nature	IncompleteEntry	NoTeam	Variable	-8										1	Vampire
Cupid	High	Marks	IncompleteEntry	Village	Villageperson	-4					PlaceLove					1	Vampire
Diseased	Medium	Marks	IncompleteEntry	Village	Villageperson	-5					PlaceDisease					1	Vampire
Gremlin	Medium	Marks	IncompleteEntry	Village	Villageperson	7D									MarkPlacer	1	Vampire
Instigator	High	Marks	IncompleteEntry	Village	Villageperson	-3					PlaceTraitor					1	Vampire
Marksman	High	Marks	IncompleteEntry	Village	Villageperson	5D									MarkPlacer	1	Vampire
Pickpocket	High	Marks	IncompleteEntry	Village	Villageperson	6C									MarkPlacer	1	Vampire
Priest	Medium	Marks	IncompleteEntry	Village	Villageperson	-2					PlaceClarity				MarkPlacer	1	Vampire
Renfield	High	Marks	IncompleteEntry	Werewolf	Villageperson	-6C									NatureVampire	1	Vampire
The Count	High	Marks	IncompleteEntry	Vampire	Vampire	-6B					PlaceVampire					1	Vampire
The Master	High	Marks	IncompleteEntry	Vampire	Vampire						PlaceVampire				NatureVampire	1	Vampire
Vampire	High	Marks	IncompleteEntry	Vampire	Vampire	-6					PlaceVampire					1	Vampire
Apprentice Assassin	High	Marks & Assassin Team	IncompleteEntry	NoTeam	Villageperson	-1B									Assassin	1	Vampire
Assassin	High	Marks & Assassin Team	IncompleteEntry	NoTeam	Villageperson	-1					PlaceAssassin					1	Vampire
Revealer	Medium	Revealing	IncompleteEntry	Village	Villageperson	10										1	Daybreak
Beholder	Medium	Seer Cohort and Acting on Cohort	IncompleteEntry	Village	Villageperson	9Z									SeerOrApprenticeSeer	1	Bonus Pack 2
Paranormal Investigator	Very High	Sequential Flow & Nature Determination	IncompleteEntry	NoTeam	Variable	5C										1	Daybreak
Curator	Low	Sequential Flow & Artifacts	IncompleteEntry	Village	Villageperson	11										1	Daybreak
Sentinel	Low	Sequential Flow & Selection Limiting	IncompleteEntry	Village	Villageperson	0										1	Daybreak
Thing	Low	ShoulderTap	IncompleteEntry	Village	Villageperson	4B										1	Bonus Pack 2
Apprentice Tanner	Medium	Easy	Ready	NoTeam	Villageperson	3B	Role.Tanner_MustDie;Relation.Self_MustDie								Tanner	1	Bonus Pack 2
Seer	Very High	Untested	Implemented	Village	Villageperson	5						May_ChooseFork(TargetFork);Must_ViewOne(TargetOtherPlayer);Must_ViewTwo(TargetCenterCard)				1	Werewolf
Aura Seer	High	View or Move Detection	IncompleteEntry	Village	Villageperson	7C									MoveOrViewer	1	Bonus Pack 1
Cursed	Very Low	Vote Modifiers	IncompleteEntry	NoTeam	Variable											1	Bonus Pack 1
Prince	Low	Vote Modifiers	IncompleteEntry	Village	Villageperson											1	Bonus Pack 1
Bodyguard	Low	Vote Modifiers	IncompleteEntry	Village	Villageperson									VoteeCantDie		1	Daybreak
Hunter	High	Vote Modifiers	Slated	Village	Villageperson									KillsVoteeIfKilled		1	Werewolf